gmgoCd,gmgoNm,location,MG더뱅킹정기예금,MG더뱅킹정기적금,MG더뱅킹자유적금,기준일
0101,청운효자동,서울 종로구,4.60,,,2023/11/18
0102,광화문,서울 종로구,4.60,,,2023/11/18
0103,사직동,서울 종로구,4.10,4.10,4.00,2023/11/18
0104,삼청,서울 종로구,4.00,4.40,3.95,2023/11/18
0105,세검정,서울 종로구,4.50,4.30,3.50,2023/11/18
0106,종로서부,서울 종로구,4.40,,,2023/11/18
0107,교남동,서울 종로구,4.30,3.20,2.57,2023/11/18
0108,인사동길,서울 종로구,2.20,2.30,,2023/11/18
0109,종로3.4가,서울 종로구,4.20,4.10,2.90,2023/11/18
0113,대학로,서울 종로구,4.50,,,2023/11/18
0116,명륜,서울 종로구,4.70,4.60,4.00,2023/11/18
0118,종로중앙,서울 종로구,4.70,5.00,4.50,2023/11/18
0119,종로동부,서울 종로구,4.40,4.50,4.40,2023/11/18
0121,종로숭인,서울 종로구,4.40,4.50,3.60,2023/11/18
0122,강북삼성병원,서울 종로구,,,,2023/11/18
0123,행정안전부,세종 ,3.80,4.00,3.40,2023/11/18
0128,서울대학교병원,서울 종로구,,,,2023/11/18
0137,동대문상가,서울 종로구,,,,2023/11/18
0139,종로제일,서울 종로구,4.50,4.50,2.44,2023/11/18
0141,종로중부,서울 종로구,4.50,4.50,,2023/11/18
0142,종로광장,서울 종로구,4.50,,,2023/11/18
0203,회현동,서울 중구,4.50,4.20,3.00,2023/11/18
0204,명동,서울 중구,4.60,4.30,3.20,2023/11/18
0206,필동,서울 중구,4.10,4.30,3.50,2023/11/18
0208,신당1.2.3동,서울 중구,4.40,5.50,4.00,2023/11/18
0212,동화동,서울 중구,4.50,4.30,2.68,2023/11/18
0213,신당황학,서울 중구,4.50,3.90,2.90,2023/11/18
0215,중림.만리,서울 중구,4.70,4.70,4.31,2023/11/18
0224,롯데쇼핑,서울 중구,,,,2023/11/18
0225,호텔롯데,서울 중구,,,,2023/11/18
0233,호텔신라,서울 중구,,,,2023/11/18
0250,평화,서울 중구,4.50,,,2023/11/18
0252,청계,서울 중구,4.50,5.00,2.50,2023/11/18
0254,남대문,서울 중구,4.70,4.50,2.50,2023/11/18
0301,후암동,서울 용산구,4.67,4.80,4.00,2023/11/18
0303,용산,서울 용산구,4.60,4.80,4.00,2023/11/18
0304,청파,서울 용산구,5.23,5.20,2.98,2023/11/18
0306,원효,서울 용산구,4.50,5.50,3.70,2023/11/18
0307,효창,서울 용산구,4.80,4.00,3.20,2023/11/18
0308,용문동,서울 용산구,4.20,4.00,3.60,2023/11/18
0310,한강2동,서울 용산구,4.50,4.30,4.20,2023/11/18
0311,한강로3가,서울 용산구,4.50,,,2023/11/18
0312,이촌,서울 용산구,4.50,4.30,3.80,2023/11/18
0313,이태원1동,서울 용산구,,4.50,3.00,2023/11/18
0314,이태원2동,서울 용산구,4.50,,,2023/11/18
0315,한남동,서울 용산구,4.60,4.00,3.60,2023/11/18
0316,서빙고동,서울 용산구,4.60,5.00,2.80,2023/11/18
0317,보광동,서울 용산구,4.70,4.80,4.20,2023/11/18
0325,씨제이제일제당,서울 중구,,,,2023/11/18
0329,녹번동,서울 은평구,4.40,4.50,3.20,2023/11/18
0330,서울은평,서울 은평구,4.60,4.40,4.30,2023/11/18
0331,갈현동,서울 은평구,5.24,4.50,4.00,2023/11/18
0332,구산동,서울 은평구,4.60,4.00,4.00,2023/11/18
0334,e-푸른,서울 은평구,4.60,4.70,4.30,2023/11/18
0337,은평,서울 은평구,4.60,4.60,4.40,2023/11/18
0339,우리들,서울 은평구,4.50,4.50,2.40,2023/11/18
0340,연신내,서울 은평구,4.90,4.20,4.20,2023/11/18
0342,은평뉴타운,서울 은평구,4.60,4.70,4.10,2023/11/18
0402,독립문,서울 서대문구,3.80,4.00,3.70,2023/11/18
0407,신촌,서울 서대문구,4.40,3.80,3.60,2023/11/18
0408,연희,서울 서대문구,4.40,4.30,3.70,2023/11/18
0411,홍제,서울 서대문구,4.00,4.50,3.80,2023/11/18
0413,홍은,서울 서대문구,4.20,4.20,4.00,2023/11/18
0416,가재울,서울 서대문구,,,,2023/11/18
0417,서서울,서울 서대문구,4.30,4.00,3.60,2023/11/18
0418,명지,서울 서대문구,,,,2023/11/18
0419,삼성에스디에스,서울 송파구,3.50,,,2023/11/18
0423,아현,서울 마포구,4.50,4.30,4.00,2023/11/18
0424,마포중앙,서울 마포구,4.40,4.50,4.30,2023/11/18
0427,신공덕동,서울 마포구,4.50,4.50,,2023/11/18
0428,신마포,서울 마포구,3.90,4.20,3.80,2023/11/18
0429,마포역,서울 마포구,3.00,,,2023/11/18
0434,망원,서울 마포구,4.40,4.50,4.30,2023/11/18
0436,성암,서울 마포구,4.10,4.10,3.80,2023/11/18
0441,이랜드,서울 금천구,3.70,3.50,3.50,2023/11/18
0447,마포공덕,서울 마포구,4.50,4.20,4.00,2023/11/18
0504,동대문중앙,서울 동대문구,4.50,,,2023/11/18
0507,전농동,서울 동대문구,4.30,4.50,,2023/11/18
0509,배봉,서울 동대문구,4.60,4.20,4.00,2023/11/18
0511,답십리,서울 동대문구,4.40,3.50,1.60,2023/11/18
0517,회기휘경,서울 동대문구,4.50,4.20,2.50,2023/11/18
0518,더좋은,서울 동대문구,4.70,1.50,1.40,2023/11/18
0519,이문.휘경동,서울 동대문구,4.50,4.50,4.50,2023/11/18
0522,경희의료원,서울 동대문구,,,,2023/11/18
0525,전택,서울 동대문구,4.60,,4.00,2023/11/18
0527,중랑서부,서울 중랑구,4.50,4.50,3.50,2023/11/18
0528,사가정,서울 중랑구,4.20,1.80,1.10,2023/11/18
0529,서울동부,서울 중랑구,4.50,3.70,4.00,2023/11/18
0530,용마,서울 중랑구,4.60,5.00,3.50,2023/11/18
0531,상봉동,서울 중랑구,4.60,,,2023/11/18
0533,중랑우리,서울 중랑구,4.50,4.00,,2023/11/18
0534,중랑으뜸,서울 중랑구,4.50,,,2023/11/18
0535,묵동화랑,서울 중랑구,4.20,4.50,3.50,2023/11/18
0536,망우동,서울 중랑구,4.50,3.00,2.30,2023/11/18
0537,신내동,서울 중랑구,4.60,3.80,3.70,2023/11/18
0542,용두,서울 동대문구,4.50,3.50,1.99,2023/11/18
0543,청과,서울 동대문구,4.30,4.20,4.20,2023/11/18
0544,동대문동부,서울 동대문구,4.50,4.30,3.70,2023/11/18
0603,동소문,서울 성북구,4.80,4.50,4.21,2023/11/18
0604,삼선,서울 성북구,4.20,5.50,4.50,2023/11/18
0606,북악,서울 성북구,4.50,4.50,2.00,2023/11/18
0608,안암동,서울 성북구,4.70,5.00,3.73,2023/11/18
0610,정릉,서울 성북구,,,,2023/11/18
0611,한양,서울 성북구,4.30,5.00,4.00,2023/11/18
0613,성북제일,서울 성북구,4.50,4.50,3.40,2023/11/18
0614,길음중앙,서울 성북구,4.50,4.20,3.90,2023/11/18
0616,종암동,서울 성북구,4.50,5.10,3.36,2023/11/18
0617,새종암,서울 성북구,4.00,4.00,3.00,2023/11/18
0623,북서울,서울 성북구,4.30,4.50,3.50,2023/11/18
0624,서울북부,서울 성북구,4.20,4.50,4.00,2023/11/18
0625,장위3동,서울 성북구,4.90,4.30,4.30,2023/11/18
0626,석관동,서울 성북구,4.50,4.20,4.30,2023/11/18
0649,강북,서울 강북구,4.60,4.60,3.80,2023/11/18
0650,노원,서울 노원구,4.50,5.00,4.10,2023/11/18
0651,도봉,서울 도봉구,4.50,4.40,3.70,2023/11/18
0652,월곡,서울 성북구,4.54,5.13,4.39,2023/11/18
0653,제기동,서울 동대문구,4.50,4.50,3.80,2023/11/18
0654,성북,서울 성북구,4.70,2.30,1.80,2023/11/18
0702,목동,서울 양천구,4.00,4.00,3.60,2023/11/18
0706,금빛,서울 양천구,4.50,4.20,2.50,2023/11/18
0707,신목동,서울 양천구,4.01,3.45,3.25,2023/11/18
0709,신오,서울 양천구,4.00,4.20,3.40,2023/11/18
0714,염창동,서울 강서구,4.90,4.50,4.00,2023/11/18
0717,화곡,서울 강서구,4.00,3.50,3.20,2023/11/18
0718,가양동,서울 강서구,4.50,3.30,1.80,2023/11/18
0719,우장산,서울 강서구,4.20,4.00,2.50,2023/11/18
0720,등촌동,서울 강서구,4.50,4.00,2.00,2023/11/18
0722,세종,서울 강남구,3.75,4.25,3.70,2023/11/18
0724,신도림,서울 구로구,4.50,4.10,3.70,2023/11/18
0725,구로2동,서울 구로구,3.80,2.20,2.50,2023/11/18
0726,구로3동,서울 구로구,3.80,4.20,3.00,2023/11/18
0728,구로5동,서울 구로구,4.30,4.00,,2023/11/18
0731,디지털,서울 구로구,,,,2023/11/18
0732,고척1동,서울 구로구,4.30,4.50,3.60,2023/11/18
0733,고척2동,서울 구로구,4.30,4.50,4.00,2023/11/18
0734,개봉,서울 구로구,4.50,4.50,4.00,2023/11/18
0736,오류2동,서울 구로구,4.50,,,2023/11/18
0741,한국앤컴퍼니,대전 대덕구,,,,2023/11/18
0752,오류1동,서울 구로구,4.20,4.00,3.50,2023/11/18
0753,동구로,서울 구로구,,4.50,,2023/11/18
0801,영등포본동,서울 영등포구,4.00,,,2023/11/18
0802,영등포중앙,서울 영등포구,,,,2023/11/18
0803,영등포제일,서울 영등포구,4.30,,,2023/11/18
0804,영등포당산,서울 영등포구,4.30,,,2023/11/18
0807,도림,서울 영등포구,4.40,5.00,4.30,2023/11/18
0808,문래동,서울 영등포구,4.40,4.30,4.30,2023/11/18
0812,신길1동,서울 영등포구,4.50,,,2023/11/18
0813,신길2동,서울 영등포구,4.10,2.52,,2023/11/18
0814,한결,서울 영등포구,4.01,4.50,2.98,2023/11/18
0819,대림동,서울 영등포구,4.60,5.00,4.50,2023/11/18
0820,여의도,서울 영등포구,4.40,4.60,3.80,2023/11/18
0822,국회,서울 영등포구,,,,2023/11/18
0826,한국방송공사,서울 영등포구,,,,2023/11/18
0833,문화방송,서울 마포구,,,,2023/11/18
0840,하이트맥주,서울 강남구,,,,2023/11/18
0846,신길,서울 영등포구,4.50,4.50,3.80,2023/11/18
0901,노들,서울 동작구,4.50,4.10,,2023/11/18
0902,노량진,서울 동작구,4.50,3.20,2.90,2023/11/18
0903,상도,서울 동작구,4.80,4.50,4.00,2023/11/18
0905,한강,서울 동작구,4.50,4.00,3.10,2023/11/18
0906,상도중앙,서울 동작구,4.60,4.00,2.50,2023/11/18
0909,흑석,서울 동작구,4.20,4.00,2.80,2023/11/18
0910,서달로,서울 동작구,4.60,4.20,4.30,2023/11/18
0911,동작,서울 동작구,4.50,4.30,2.98,2023/11/18
0912,남서울,서울 동작구,4.60,4.60,4.20,2023/11/18
0914,사당,서울 동작구,4.61,4.60,3.73,2023/11/18
0915,신대방,서울 동작구,2.50,2.50,,2023/11/18
0917,대방,서울 동작구,4.50,4.40,4.00,2023/11/18
0920,노량진수산,서울 동작구,,,,2023/11/18
0921,은천,서울 관악구,,,,2023/11/18
0922,보라매,서울 관악구,,,,2023/11/18
0923,관악,서울 관악구,4.50,,,2023/11/18
0925,봉천,서울 관악구,4.30,4.40,3.50,2023/11/18
0926,낙성대,서울 관악구,,,,2023/11/18
0927,관악중앙,서울 관악구,4.50,4.30,4.00,2023/11/18
0928,난곡,서울 관악구,4.20,4.10,4.00,2023/11/18
0929,신사동,서울 관악구,,,,2023/11/18
0930,신림,서울 관악구,,,,2023/11/18
0931,원신,서울 관악구,4.30,4.00,4.00,2023/11/18
0932,난향,서울 관악구,3.30,2.80,2.70,2023/11/18
0934,신신,서울 관악구,,,,2023/11/18
0935,금천중앙,서울 금천구,4.30,4.50,4.00,2023/11/18
0936,다원,서울 금천구,4.30,,,2023/11/18
0937,독산동,서울 금천구,4.10,4.00,,2023/11/18
0939,금천남부,서울 금천구,4.40,4.70,4.30,2023/11/18
0940,시흥,서울 금천구,5.23,4.74,4.41,2023/11/18
1002,성동우리,서울 성동구,4.50,5.00,4.20,2023/11/18
1003,왕십리중앙,서울 성동구,4.50,4.50,3.80,2023/11/18
1007,무지개,서울 성동구,4.50,4.50,3.90,2023/11/18
1008,행당,서울 성동구,4.60,4.60,4.30,2023/11/18
1010,성동중앙,서울 성동구,4.70,,,2023/11/18
1011,금호,서울 성동구,4.50,,,2023/11/18
1013,서울금남,서울 성동구,4.40,4.60,,2023/11/18
1014,옥수,서울 성동구,4.60,4.50,1.99,2023/11/18
1015,성수1가,서울 성동구,4.50,4.60,3.00,2023/11/18
1016,성수2가1동,서울 성동구,4.50,2.20,2.15,2023/11/18
1017,용답,서울 성동구,4.50,4.00,4.00,2023/11/18
1018,성수,서울 성동구,4.60,4.50,4.30,2023/11/18
1022,앰코테크놀로지코리아,인천 연수구,2.25,2.70,2.10,2023/11/18
1025,서울축산,서울 성동구,4.30,4.00,4.00,2023/11/18
1026,풍납,서울 송파구,4.35,4.60,3.30,2023/11/18
1027,마천,서울 송파구,4.50,4.50,3.90,2023/11/18
1029,송파중앙,서울 송파구,4.50,3.50,1.00,2023/11/18
1030,서울송파,서울 송파구,4.50,,,2023/11/18
1031,가락,서울 송파구,4.50,5.50,3.60,2023/11/18
1033,잠실,서울 송파구,4.30,4.50,4.30,2023/11/18
1034,강동수산,서울 송파구,4.70,,,2023/11/18
1038,서울아산병원,서울 송파구,,,,2023/11/18
1039,서울개인택시조합,서울 송파구,3.95,4.05,3.75,2023/11/18
1040,서울강동,서울 강동구,4.10,4.10,4.00,2023/11/18
1044,천호,서울 강동구,4.05,4.60,3.85,2023/11/18
1050,성동,서울 성동구,4.30,3.60,3.60,2023/11/18
1051,송파,서울 송파구,4.10,5.50,,2023/11/18
1052,신강동,서울 강동구,4.30,4.50,4.00,2023/11/18
1101,서초중앙,서울 서초구,4.50,,,2023/11/18
1102,서초,서울 서초구,4.20,4.20,3.60,2023/11/18
1104,서초제일,서울 서초구,4.20,4.20,2.70,2023/11/18
1107,서울교통공사,서울 구로구,,,,2023/11/18
1109,진로,서울 서초구,,,,2023/11/18
1111,청담동,서울 강남구,4.70,,,2023/11/18
1112,대왕,서울 강남구,4.40,,,2023/11/18
1114,강남중앙,서울 강남구,4.50,4.00,4.00,2023/11/18
1116,강남영동,서울 강남구,5.23,,,2023/11/18
1119,한전,전남 나주시,,,,2023/11/18
1122,유한킴벌리,서울 송파구,,,,2023/11/18
1128,한국무역협회,서울 강남구,,,,2023/11/18
1133,광진자양,서울 광진구,4.50,,,2023/11/18
1134,화양동,서울 광진구,4.30,4.50,1.80,2023/11/18
1135,송정.군자,서울 광진구,2.08,2.75,1.99,2023/11/18
1136,중곡1동,서울 광진구,4.30,4.50,,2023/11/18
1137,광진중곡,서울 광진구,4.30,,,2023/11/18
1138,서울광진,서울 광진구,4.20,,,2023/11/18
1139,능동,서울 광진구,4.30,4.30,4.00,2023/11/18
1140,구의동,서울 광진구,4.50,1.70,1.20,2023/11/18
1141,구의.광장,서울 광진구,4.50,4.70,3.00,2023/11/18
1142,광진제일,서울 광진구,4.40,4.30,2.15,2023/11/18
1143,광진중앙,서울 광진구,4.70,,4.50,2023/11/18
1147,에이치제이중공업,서울 용산구,,,,2023/11/18
1151,포스코,서울 강남구,4.00,4.30,,2023/11/18
1203,대청,부산 중구,4.00,2.30,2.15,2023/11/18
1205,중부산,부산 중구,4.00,3.50,3.50,2023/11/18
1206,부평,부산 중구,4.30,2.50,1.70,2023/11/18
1207,자갈치,부산 중구,,,,2023/11/18
1209,부산중구,부산 중구,,,,2023/11/18
1210,중구중앙,부산 중구,4.00,4.10,3.50,2023/11/18
1211,국제시장,부산 중구,4.00,,,2023/11/18
1213,부산구덕,부산 서구,4.00,4.00,4.00,2023/11/18
1216,서구중앙,부산 서구,3.00,3.00,2.50,2023/11/18
1217,대신동,부산 서구,3.50,3.40,3.20,2023/11/18
1224,천마,부산 서구,4.20,4.20,4.20,2023/11/18
1228,서부,부산 서구,,,,2023/11/18
1229,송남,부산 서구,4.30,,,2023/11/18
1231,부산대학교병원,부산 서구,,4.00,3.55,2023/11/18
1301,초량,부산 동구,4.20,3.00,2.90,2023/11/18
1303,초량3동,부산 동구,,,,2023/11/18
1304,초량4동,부산 동구,4.20,3.30,2.80,2023/11/18
1305,동구중앙,부산 동구,,,,2023/11/18
1306,수정,부산 동구,4.50,4.10,3.70,2023/11/18
1307,수정2동,부산 동구,,,,2023/11/18
1315,범일동,부산 동구,,,,2023/11/18
1316,부산동구,부산 동구,,,,2023/11/18
1318,범일5동,부산 동구,4.00,4.30,3.50,2023/11/18
1319,범곡,부산 동구,4.00,3.70,3.50,2023/11/18
1324,부산진시장,부산 동구,4.10,4.10,4.10,2023/11/18
1325,부산자유시장,부산 동구,3.90,4.00,4.00,2023/11/18
1329,영도중앙,부산 영도구,4.10,3.70,3.70,2023/11/18
1332,한아름,부산 영도구,4.00,3.00,3.00,2023/11/18
1338,태종대,부산 영도구,4.00,,,2023/11/18
1339,영도,부산 영도구,4.30,4.30,4.30,2023/11/18
1340,동삼동,부산 영도구,4.30,4.30,4.30,2023/11/18
1402,대연,부산 남구,3.60,3.50,3.30,2023/11/18
1403,대연중앙,부산 남구,,,,2023/11/18
1404,대연6동,부산 남구,4.50,4.30,4.30,2023/11/18
1405,용호,부산 남구,4.20,3.70,3.70,2023/11/18
1406,남부,부산 남구,,,,2023/11/18
1407,용당동,부산 남구,3.80,3.80,3.80,2023/11/18
1408,남부산,부산 남구,4.50,4.50,4.30,2023/11/18
1409,감만동,부산 남구,4.50,4.50,4.30,2023/11/18
1410,우암동,부산 남구,4.30,4.30,4.30,2023/11/18
1411,남부중앙,부산 남구,4.30,4.30,4.30,2023/11/18
1412,문현,부산 남구,4.00,2.60,2.60,2023/11/18
1413,금융단지,부산 남구,4.00,,,2023/11/18
1414,문현3동,부산 남구,4.10,4.00,3.70,2023/11/18
1415,문현4동,부산 남구,4.00,4.00,3.80,2023/11/18
1417,용주,부산 남구,4.00,3.80,3.60,2023/11/18
1424,신괴정,부산 사하구,,,,2023/11/18
1425,괴정2동,부산 사하구,,,,2023/11/18
1426,괴정3동,부산 사하구,,,,2023/11/18
1427,부산서부,부산 사하구,4.10,4.00,3.80,2023/11/18
1428,서부산,부산 사하구,3.60,3.30,3.20,2023/11/18
1431,장림동,부산 사하구,,3.70,,2023/11/18
1432,다대동,부산 사하구,,,,2023/11/18
1434,사하중앙,부산 사하구,,,,2023/11/18
1435,감천2동,부산 사하구,,,,2023/11/18
1442,남천,부산 수영구,,,,2023/11/18
1443,수영,부산 수영구,4.20,4.00,4.00,2023/11/18
1444,수영중앙,부산 수영구,,,,2023/11/18
1446,광안,부산 수영구,4.20,4.20,,2023/11/18
1447,민락동,부산 수영구,4.00,4.50,3.60,2023/11/18
1501,부전1동,부산 부산진구,4.10,,,2023/11/18
1502,서면,부산 부산진구,4.10,3.70,3.50,2023/11/18
1504,연지동,부산 부산진구,,,,2023/11/18
1505,초읍동,부산 부산진구,4.10,3.70,3.10,2023/11/18
1506,시민공원,부산 부산진구,4.00,,4.00,2023/11/18
1508,전포1동,부산 부산진구,2.70,2.80,2.70,2023/11/18
1509,전포2동,부산 부산진구,,,,2023/11/18
1510,전포3동,부산 부산진구,4.00,3.80,1.60,2023/11/18
1511,전포,부산 부산진구,4.50,4.30,4.40,2023/11/18
1512,부암동,부산 부산진구,4.00,4.00,3.73,2023/11/18
1513,당감1동,부산 부산진구,4.00,3.80,3.50,2023/11/18
1514,당감2동,부산 부산진구,4.00,3.50,3.50,2023/11/18
1515,당감4동,부산 부산진구,,,,2023/11/18
1516,가야1동,부산 부산진구,4.30,4.00,4.00,2023/11/18
1517,개금동,부산 부산진구,,,,2023/11/18
1518,새희망,부산 부산진구,4.20,3.20,3.09,2023/11/18
1519,범천중앙,부산 부산진구,4.00,3.80,3.80,2023/11/18
1520,범천2동,부산 부산진구,,,,2023/11/18
1521,범천동,부산 부산진구,,,,2023/11/18
1522,가야2동,부산 부산진구,,,,2023/11/18
1524,당감동,부산 부산진구,3.80,,,2023/11/18
1525,양정동,부산 부산진구,,,,2023/11/18
1526,가야동,부산 부산진구,4.10,3.80,3.80,2023/11/18
1527,부암3동,부산 부산진구,3.70,3.20,3.20,2023/11/18
1535,부산평화,부산 부산진구,3.90,3.80,3.80,2023/11/18
1601,수민동,부산 동래구,,,,2023/11/18
1602,복산동,부산 동래구,2.00,2.00,,2023/11/18
1603,명륜동,부산 동래구,,,,2023/11/18
1605,온천,부산 동래구,4.50,3.60,2.70,2023/11/18
1606,온천3동,부산 동래구,4.10,4.00,3.30,2023/11/18
1607,사직3동,부산 동래구,4.20,,,2023/11/18
1608,사직2동,부산 동래구,3.90,3.70,3.00,2023/11/18
1609,안락,부산 동래구,3.70,1.50,1.50,2023/11/18
1610,명장1동,부산 동래구,4.50,3.60,3.60,2023/11/18
1611,사직1동,부산 동래구,4.50,4.00,3.50,2023/11/18
1612,명장2동,부산 동래구,3.60,3.60,3.60,2023/11/18
1614,부산화명,부산 북구,4.40,3.50,2.60,2023/11/18
1615,북부산,부산 북구,4.30,4.50,4.00,2023/11/18
1617,구포,부산 북구,4.51,3.00,2.98,2023/11/18
1618,신만덕,부산 북구,4.01,2.00,1.30,2023/11/18
1622,해운대중앙,부산 해운대구,,,,2023/11/18
1624,우리,부산 해운대구,,,,2023/11/18
1625,장산,부산 해운대구,4.20,3.40,3.40,2023/11/18
1626,해운대,부산 해운대구,4.00,,,2023/11/18
1627,송정동,부산 해운대구,,,,2023/11/18
1628,반여1.4동,부산 해운대구,3.90,3.60,3.20,2023/11/18
1630,반여2.3동,부산 해운대구,3.40,3.30,3.30,2023/11/18
1632,반송,부산 해운대구,3.80,,,2023/11/18
1633,동부산,부산 해운대구,3.80,3.70,3.70,2023/11/18
1634,센텀,부산 해운대구,,,,2023/11/18
1641,정관,부산 기장군,4.30,4.30,4.30,2023/11/18
1642,기장,부산 기장군,4.10,4.05,3.75,2023/11/18
1643,신앙촌,부산 기장군,,,,2023/11/18
1701,새우리,부산 금정구,4.10,3.80,3.60,2023/11/18
1702,서동,부산 금정구,4.30,4.20,3.80,2023/11/18
1703,금사동,부산 금정구,4.30,4.30,4.30,2023/11/18
1704,금정중앙,부산 금정구,4.10,4.10,3.50,2023/11/18
1707,장전동,부산 금정구,4.10,3.80,3.80,2023/11/18
1709,청룡동,부산 금정구,,,,2023/11/18
1711,구서,부산 금정구,4.10,4.00,3.70,2023/11/18
1712,금성동,부산 금정구,4.50,3.20,2.90,2023/11/18
1714,금샘,부산 금정구,,,,2023/11/18
1715,금정,부산 금정구,3.30,3.30,3.30,2023/11/18
1721,아시아드,부산 연제구,4.00,4.00,4.00,2023/11/18
1722,거제3동,부산 연제구,,,,2023/11/18
1723,거제4동,부산 연제구,,,,2023/11/18
1724,연산제일,부산 연제구,,,,2023/11/18
1725,연제,부산 연제구,4.00,4.10,3.90,2023/11/18
1726,연산3동,부산 연제구,,,,2023/11/18
1727,연산로터리,부산 연제구,3.80,4.50,,2023/11/18
1729,연산6동,부산 연제구,4.10,4.30,4.10,2023/11/18
1730,연제중앙,부산 연제구,4.00,4.00,,2023/11/18
1732,부산개인택시조합,부산 연제구,,,,2023/11/18
1733,늘푸른사상,부산 사상구,4.50,4.50,3.73,2023/11/18
1734,사상중앙,부산 사상구,4.20,3.70,3.50,2023/11/18
1736,부산제일,부산 사상구,4.70,,,2023/11/18
1737,백양,부산 사상구,3.90,4.00,3.80,2023/11/18
1738,부산주례,부산 사상구,4.40,4.00,3.40,2023/11/18
1739,주례,부산 사상구,,,,2023/11/18
1740,승학,부산 사상구,4.30,4.30,3.00,2023/11/18
1805,봉산,대구 중구,4.70,5.00,5.00,2023/11/18
1808,성내,대구 중구,4.50,,,2023/11/18
1811,대신,대구 중구,4.72,5.00,3.50,2023/11/18
1813,동일,대구 중구,4.70,4.50,3.70,2023/11/18
1815,남산,대구 중구,4.70,,,2023/11/18
1816,남산4동,대구 중구,4.00,4.00,4.00,2023/11/18
1821,계명대학교동산의료원,대구 달서구,,,,2023/11/18
1823,경북대학교병원,대구 중구,,,,2023/11/18
1826,대구원광,대구 중구,4.70,4.60,1.69,2023/11/18
1827,반고개,대구 서구,4.60,4.60,4.50,2023/11/18
1828,광장,대구 서구,4.20,4.20,3.73,2023/11/18
1831,으뜸,대구 서구,4.60,4.00,4.00,2023/11/18
1833,비산5동,대구 서구,4.60,4.30,4.30,2023/11/18
1835,만평,대구 서구,4.80,4.20,3.50,2023/11/18
1837,평상,대구 서구,4.50,4.30,3.73,2023/11/18
1838,평리,대구 서구,4.60,4.20,4.20,2023/11/18
1839,대평,대구 서구,4.40,4.20,1.50,2023/11/18
1840,중평,대구 서구,4.50,4.00,3.80,2023/11/18
1841,와룡,대구 서구,4.70,4.30,4.20,2023/11/18
1843,원대,대구 서구,4.95,4.55,4.00,2023/11/18
1854,중대구,대구 중구,4.70,4.50,3.30,2023/11/18
1856,서대구,대구 서구,4.50,4.20,4.20,2023/11/18
1857,더조은,대구 서구,4.40,4.30,4.00,2023/11/18
1901,신암,대구 동구,4.50,,,2023/11/18
1902,동신,대구 동구,4.50,4.70,4.30,2023/11/18
1903,동구,대구 동구,4.50,5.11,4.20,2023/11/18
1904,큰고개,대구 동구,4.40,4.60,4.20,2023/11/18
1905,신천,대구 동구,4.50,4.90,4.58,2023/11/18
1907,동대구,대구 동구,2.25,2.35,,2023/11/18
1908,신천4동,대구 동구,4.70,,,2023/11/18
1909,효목,대구 동구,4.50,,,2023/11/18
1912,지저,대구 동구,4.70,5.10,4.00,2023/11/18
1914,동촌,대구 동구,4.60,4.50,4.40,2023/11/18
1915,방촌,대구 동구,,,,2023/11/18
1916,해안,대구 동구,5.00,4.20,3.90,2023/11/18
1917,신평,대구 동구,4.50,5.00,,2023/11/18
1922,반야월,대구 동구,4.70,2.00,1.80,2023/11/18
1923,공산,대구 동구,5.05,4.50,,2023/11/18
1924,불로봉무,대구 동구,4.20,4.00,3.90,2023/11/18
1926,아양,대구 동구,4.40,4.60,4.00,2023/11/18
1934,북구,대구 북구,4.70,5.00,4.60,2023/11/18
1935,북성,대구 북구,4.90,4.80,3.36,2023/11/18
1936,칠성,대구 북구,,,,2023/11/18
1937,오봉,대구 북구,4.40,4.50,3.40,2023/11/18
1939,드림,대구 북구,4.67,5.00,4.00,2023/11/18
1940,대구제일,대구 북구,4.00,4.90,4.00,2023/11/18
1941,대구원대,대구 북구,4.00,2.00,1.80,2023/11/18
1942,새북구,대구 북구,4.20,4.20,4.20,2023/11/18
1944,대경,대구 북구,4.60,4.50,4.30,2023/11/18
1946,대현,대구 북구,4.70,4.60,,2023/11/18
1947,복현,대구 북구,3.90,4.50,3.80,2023/11/18
1948,검단,대구 북구,4.70,4.80,4.50,2023/11/18
1949,무태,대구 북구,4.20,,4.50,2023/11/18
1952,팔달,대구 북구,3.15,,,2023/11/18
1954,북대구,대구 북구,4.69,4.60,4.40,2023/11/18
1959,경상북도청,경북 안동시,4.10,4.00,4.00,2023/11/18
1961,칠성시장,대구 북구,4.70,3.00,1.80,2023/11/18
1962,팔공,대구 동구,4.20,4.00,3.70,2023/11/18
1963,성북,대구 북구,3.80,,,2023/11/18
2001,이천,대구 남구,4.70,5.00,4.50,2023/11/18
2003,봉덕2동,대구 남구,4.50,4.80,1.70,2023/11/18
2004,봉덕3동,대구 남구,4.70,5.00,,2023/11/18
2006,하나,대구 남구,4.90,4.90,4.30,2023/11/18
2008,남대구,대구 남구,4.70,4.50,4.20,2023/11/18
2009,대명,대구 남구,4.20,4.60,4.00,2023/11/18
2010,남구희망,대구 남구,4.70,4.50,4.50,2023/11/18
2011,계명,대구 남구,4.70,4.90,1.99,2023/11/18
2012,명덕,대구 남구,4.70,4.80,4.40,2023/11/18
2013,구일,대구 남구,4.70,2.08,1.99,2023/11/18
2018,수성중앙,대구 수성구,4.50,,,2023/11/18
2020,청구로,대구 수성구,4.60,3.70,3.70,2023/11/18
2021,대원,대구 수성구,4.40,4.20,4.00,2023/11/18
2022,남부,대구 수성구,4.00,,,2023/11/18
2023,수성1가,대구 수성구,3.80,3.50,3.50,2023/11/18
2024,수성,대구 수성구,4.20,1.70,1.70,2023/11/18
2025,중동,대구 수성구,4.40,4.00,,2023/11/18
2026,상동,대구 수성구,4.50,3.60,,2023/11/18
2029,지범,대구 수성구,4.00,3.70,3.80,2023/11/18
2034,두레,대구 수성구,4.50,2.80,2.50,2023/11/18
2035,대구개인택시조합,대구 수성구,4.50,,,2023/11/18
2101,행복,대구 달서구,4.60,4.00,,2023/11/18
2102,대성,대구 달서구,4.20,4.30,3.70,2023/11/18
2103,두류1.2동,대구 달서구,4.30,,,2023/11/18
2105,두류,대구 달서구,4.30,,,2023/11/18
2106,성일,대구 달서구,5.24,5.10,4.71,2023/11/18
2107,우리,대구 달서구,4.40,4.40,4.20,2023/11/18
2108,서부,대구 달서구,4.50,4.20,4.00,2023/11/18
2109,달서,대구 달서구,,,,2023/11/18
2110,성서,대구 달서구,4.50,4.50,4.30,2023/11/18
2111,신당,대구 달서구,4.60,4.60,4.00,2023/11/18
2112,이곡,대구 달서구,4.30,4.50,4.00,2023/11/18
2114,월배,대구 달서구,4.10,4.10,4.00,2023/11/18
2116,송현,대구 달서구,4.50,5.00,2.00,2023/11/18
2122,가창,대구 달성군,4.00,3.90,3.90,2023/11/18
2124,화원,대구 달성군,4.30,,,2023/11/18
2125,옥포,대구 달성군,4.50,4.00,3.80,2023/11/18
2126,달성,대구 달성군,3.60,4.00,4.30,2023/11/18
2127,현풍,대구 달성군,,,,2023/11/18
2128,구지,대구 달성군,3.90,3.90,,2023/11/18
2129,유가,대구 달성군,3.40,3.80,3.40,2023/11/18
2131,다사,대구 달성군,,,,2023/11/18
2135,평화그룹,대구 달성군,,,,2023/11/18
2204,신선,인천 중구,4.30,4.50,3.00,2023/11/18
2208,동인천,인천 중구,4.00,4.50,3.00,2023/11/18
2211,영종,인천 중구,3.90,4.50,4.50,2023/11/18
2221,송화,인천 동구,4.50,3.80,3.80,2023/11/18
2222,평화,인천 동구,4.00,4.50,4.00,2023/11/18
2225,송림,인천 동구,4.10,5.00,3.50,2023/11/18
2227,희망,인천 동구,4.62,4.60,4.50,2023/11/18
2234,제물포,인천 미추홀구,4.30,4.50,,2023/11/18
2235,용일,인천 미추홀구,4.20,4.60,4.30,2023/11/18
2236,미추홀,인천 미추홀구,4.20,,,2023/11/18
2237,새인천,인천 미추홀구,4.60,4.80,4.00,2023/11/18
2238,한마음,인천 미추홀구,4.20,4.30,4.20,2023/11/18
2239,학익,인천 미추홀구,5.00,4.60,4.30,2023/11/18
2240,온누리,인천 미추홀구,4.20,,,2023/11/18
2241,도화1동,인천 미추홀구,3.90,4.20,3.50,2023/11/18
2242,도화2동,인천 미추홀구,4.30,4.50,4.20,2023/11/18
2243,도화3동,인천 미추홀구,4.62,4.50,3.60,2023/11/18
2244,주안,인천 미추홀구,3.70,,,2023/11/18
2245,남인천,인천 미추홀구,5.23,4.50,1.60,2023/11/18
2246,주안동신기,인천 미추홀구,4.10,4.20,4.00,2023/11/18
2247,석바위,인천 미추홀구,4.60,4.30,3.80,2023/11/18
2248,관교문학동,인천 미추홀구,4.50,4.50,,2023/11/18
2258,신포중앙,인천 중구,4.00,4.40,4.00,2023/11/18
2259,숭의,인천 미추홀구,4.80,4.00,4.00,2023/11/18
2261,화도진,인천 동구,4.30,4.80,3.93,2023/11/18
2262,송북,인천 중구,4.30,4.10,3.80,2023/11/18
2301,연수,인천 연수구,4.30,4.00,4.00,2023/11/18
2303,인주,인천 남동구,4.60,4.20,3.70,2023/11/18
2304,상인천,인천 남동구,4.50,4.00,3.50,2023/11/18
2306,만수,인천 남동구,4.50,4.20,4.20,2023/11/18
2307,남동,인천 남동구,4.50,4.20,4.10,2023/11/18
2309,구월남촌,인천 남동구,4.20,3.80,3.50,2023/11/18
2315,부일,인천 부평구,4.00,4.50,3.80,2023/11/18
2316,부평남부,인천 부평구,4.50,4.00,4.30,2023/11/18
2317,부평제일,인천 부평구,4.30,3.80,3.50,2023/11/18
2318,부평중앙,인천 부평구,4.50,4.50,3.80,2023/11/18
2319,부평동부,인천 부평구,4.60,4.90,4.50,2023/11/18
2321,산곡십정,인천 부평구,4.00,4.00,4.00,2023/11/18
2322,산곡,인천 부평구,4.50,4.50,4.00,2023/11/18
2323,청천,인천 부평구,4.20,4.00,4.00,2023/11/18
2324,신성,인천 부평구,4.80,4.50,4.00,2023/11/18
2326,부평,인천 부평구,4.50,4.50,4.10,2023/11/18
2336,북인천,인천 계양구,4.30,4.60,4.40,2023/11/18
2337,효성,인천 계양구,4.40,4.60,4.40,2023/11/18
2338,계산,인천 계양구,4.30,4.00,4.30,2023/11/18
2339,계양,인천 계양구,4.30,4.10,3.90,2023/11/18
2345,서인천,인천 서구,4.30,4.50,4.00,2023/11/18
2346,정서진,인천 서구,4.30,4.50,4.20,2023/11/18
2347,서해,인천 서구,4.10,4.20,3.00,2023/11/18
2348,서일,인천 서구,4.30,4.30,4.00,2023/11/18
2357,강화,인천 강화군,3.52,4.00,3.20,2023/11/18
2359,송도,인천 연수구,4.20,2.50,2.00,2023/11/18
2403,동명,광주 동구,4.20,4.10,3.80,2023/11/18
2405,계림,광주 동구,4.20,4.50,,2023/11/18
2407,동광주,광주 동구,4.10,4.00,3.50,2023/11/18
2410,대광,광주 동구,4.20,4.50,3.70,2023/11/18
2411,서석,광주 동구,4.20,3.70,3.20,2023/11/18
2415,광주광역시청,광주 서구,,,,2023/11/18
2417,전남대학교병원,광주 동구,,,,2023/11/18
2419,금남,광주 동구,4.20,4.50,3.80,2023/11/18
2420,동광,광주 동구,,,,2023/11/18
2421,푸른,광주 남구,4.30,4.60,3.20,2023/11/18
2424,한마음,광주 광산구,4.20,5.82,4.20,2023/11/18
2434,금호타이어,광주 광산구,,,,2023/11/18
2440,무진,광주 남구,2.85,3.10,2.60,2023/11/18
2441,서양,광주 남구,4.00,4.20,3.90,2023/11/18
2442,광남,광주 남구,4.20,4.30,1.70,2023/11/18
2444,월산,광주 남구,4.90,4.50,4.50,2023/11/18
2445,주월,광주 남구,4.00,,,2023/11/18
2446,유은학원,광주 남구,,,,2023/11/18
2448,서광주,광주 광산구,,,,2023/11/18
2450,남광주,광주 동구,4.20,4.00,3.80,2023/11/18
2502,온누리,광주 서구,4.10,3.80,3.60,2023/11/18
2506,상무,광주 서구,4.10,4.00,4.10,2023/11/18
2507,화정,광주 서구,4.00,4.50,3.30,2023/11/18
2508,염주,광주 서구,4.10,4.00,3.30,2023/11/18
2509,송원,광주 남구,,,,2023/11/18
2510,기아광주,광주 서구,,,,2023/11/18
2513,광주,광주 서구,4.70,4.10,4.30,2023/11/18
2514,중흥,광주 북구,4.01,3.70,,2023/11/18
2515,북광주,광주 북구,4.40,4.50,1.80,2023/11/18
2520,광주북부,광주 북구,,,,2023/11/18
2521,태봉,광주 북구,4.40,4.30,4.00,2023/11/18
2522,동운,광주 북구,4.00,,,2023/11/18
2523,서방,광주 북구,4.00,3.90,,2023/11/18
2524,제일,광주 동구,3.80,4.00,3.50,2023/11/18
2526,정다운,광주 북구,4.10,4.20,3.00,2023/11/18
2527,예향,광주 북구,4.00,2.40,2.00,2023/11/18
2529,빛고을,광주 북구,4.00,4.20,4.00,2023/11/18
2531,동신,광주 북구,,,,2023/11/18
2540,동부,광주 북구,4.30,4.00,3.50,2023/11/18
2544,광주중앙,광주 북구,,,,2023/11/18
2545,양동,광주 서구,4.50,4.50,4.50,2023/11/18
2546,신흥,광주 서구,4.50,4.50,4.50,2023/11/18
2547,무등,광주 서구,4.50,4.40,4.20,2023/11/18
2601,동여수,전남 여수시,,,,2023/11/18
2602,여수엑스포,전남 여수시,4.10,4.50,3.90,2023/11/18
2604,중앙,전남 여수시,4.50,4.50,3.90,2023/11/18
2605,여수중부,전남 여수시,4.10,1.80,1.50,2023/11/18
2606,충무,전남 여수시,,,,2023/11/18
2607,진남,전남 여수시,4.30,,,2023/11/18
2610,좌수영,전남 여수시,4.30,,,2023/11/18
2611,구봉,전남 여수시,,,,2023/11/18
2615,새여수,전남 여수시,,,,2023/11/18
2627,순천만,전남 순천시,4.20,4.20,4.10,2023/11/18
2638,여천,전남 여수시,4.30,5.00,4.50,2023/11/18
2646,여수서부,전남 여수시,,,,2023/11/18
2647,순천북부,전남 순천시,4.00,4.00,3.80,2023/11/18
2648,순천중부,전남 순천시,4.00,4.00,3.80,2023/11/18
2703,광양시,전남 광양시,4.20,4.20,4.20,2023/11/18
2706,광양,전남 광양시,,,,2023/11/18
2709,봉성,전남 구례군,,,,2023/11/18
2716,구례,전남 구례군,4.30,,,2023/11/18
2720,여수한려,전남 여수시,4.30,5.50,4.50,2023/11/18
2721,돌산,전남 여수시,4.10,5.00,4.70,2023/11/18
2722,고흥,전남 고흥군,,,,2023/11/18
2723,녹동,전남 고흥군,4.05,4.05,4.05,2023/11/18
2724,우주,전남 고흥군,4.00,4.00,4.00,2023/11/18
2736,벌교,전남 보성군,3.30,3.50,3.50,2023/11/18
2737,보성,전남 보성군,3.80,3.80,3.80,2023/11/18
2803,목포동부,전남 목포시,4.00,4.00,3.00,2023/11/18
2804,산정,전남 목포시,,,,2023/11/18
2807,국민,전남 목포시,,,,2023/11/18
2808,목포중앙,전남 목포시,,,,2023/11/18
2810,삼학,전남 목포시,4.10,3.90,,2023/11/18
2820,영신학원,전남 목포시,,,,2023/11/18
2823,강진완도,전남 강진군,3.15,,,2023/11/18
2827,문내,전남 해남군,,,,2023/11/18
2829,해남,전남 해남군,4.50,4.00,4.00,2023/11/18
2830,무안,전남 무안군,4.30,4.00,3.50,2023/11/18
2831,해제,전남 무안군,4.30,2.00,1.35,2023/11/18
2833,남악,전남 무안군,,,,2023/11/18
2841,진도군,전남 진도군,2.00,,,2023/11/18
2843,신안,전남 신안군,3.50,,,2023/11/18
2902,나주,전남 나주시,,,,2023/11/18
2903,영산포,전남 나주시,,,,2023/11/18
2905,나주동부,전남 나주시,4.40,,,2023/11/18
2907,담양,전남 담양군,3.90,3.90,3.70,2023/11/18
2911,화순,전남 화순군,4.00,4.50,4.20,2023/11/18
2926,영암성실,전남 영암군,4.20,,,2023/11/18
2927,영암우리,전남 영암군,,,,2023/11/18
2932,삼호,전남 영암군,3.60,,,2023/11/18
2933,현대삼호중공업㈜,전남 영암군,,,,2023/11/18
2936,함평천지,전남 함평군,4.00,4.00,2.60,2023/11/18
2937,영광,전남 영광군,4.20,,,2023/11/18
2939,법성,전남 영광군,4.30,4.50,4.30,2023/11/18
2941,염산,전남 영광군,,,,2023/11/18
2942,백수,전남 영광군,4.30,4.60,,2023/11/18
2948,정남진,전남 장흥군,4.00,4.10,4.00,2023/11/18
3001,원중앙,대전 동구,2.20,2.30,1.70,2023/11/18
3003,대전동부,대전 동구,4.10,4.40,4.00,2023/11/18
3004,한마음,대전 동구,4.20,4.20,1.80,2023/11/18
3005,예스,대전 동구,3.15,3.80,2.90,2023/11/18
3009,우리,대전 동구,,,,2023/11/18
3011,소제,대전 동구,3.90,3.80,3.80,2023/11/18
3012,가양1동,대전 동구,3.60,4.30,3.70,2023/11/18
3013,가양2동,대전 동구,4.20,4.50,4.20,2023/11/18
3015,동대전,대전 동구,4.10,,4.20,2023/11/18
3016,성남동,대전 동구,4.00,4.10,3.60,2023/11/18
3017,대전제일,대전 동구,4.30,5.00,4.20,2023/11/18
3018,삼성동,대전 동구,4.00,4.00,3.50,2023/11/18
3020,중앙동,대전 동구,,,,2023/11/18
3027,오정동,대전 대덕구,4.50,4.60,3.70,2023/11/18
3029,대청,대전 대덕구,4.10,4.20,2.70,2023/11/18
3030,대전북부,대전 대덕구,4.70,4.50,4.50,2023/11/18
3040,대전대덕,대전 대덕구,4.50,4.50,4.00,2023/11/18
3042,으뜸,대전 대덕구,4.70,4.70,,2023/11/18
3043,꿈드림,대전 동구,,,,2023/11/18
3101,대전,대전 중구,,,,2023/11/18
3103,원대전,대전 중구,4.40,4.50,3.50,2023/11/18
3106,대흥,대전 중구,4.50,5.00,4.50,2023/11/18
3110,창신,대전 중구,4.40,4.00,4.00,2023/11/18
3111,충무,대전 중구,4.20,1.70,1.70,2023/11/18
3115,서대전,대전 중구,2.15,1.50,1.30,2023/11/18
3116,태평,대전 중구,4.20,,4.00,2023/11/18
3117,대전중부,대전 중구,4.50,5.00,4.50,2023/11/18
3120,남대전,대전 중구,4.00,4.00,3.73,2023/11/18
3124,대전광역시청,대전 서구,,,,2023/11/18
3130,대전건축사회,대전 중구,,,,2023/11/18
3132,대전서부,대전 서구,4.50,4.00,3.70,2023/11/18
3137,한밭,대전 서구,4.50,4.50,3.00,2023/11/18
3143,유성,대전 유성구,4.50,4.00,,2023/11/18
3145,탄동,대전 유성구,4.70,5.00,3.00,2023/11/18
3146,진잠,대전 유성구,,,,2023/11/18
3147,유성온천,대전 유성구,4.50,4.80,3.30,2023/11/18
3150,한국과학기술원,대전 유성구,,,,2023/11/18
3152,대전개인택시,대전 중구,4.30,4.10,,2023/11/18
3153,대전남부,대전 중구,4.60,5.00,4.00,2023/11/18
3154,대전온천,대전 유성구,4.50,,,2023/11/18
3203,천안,충남 천안시,4.50,4.00,3.50,2023/11/18
3204,선영,충남 천안시,4.40,3.60,3.40,2023/11/18
3205,천안동부,충남 천안시,4.50,4.60,4.40,2023/11/18
3206,천안서부,충남 천안시,4.40,4.00,3.80,2023/11/18
3208,중부,충남 천안시,4.50,4.50,4.00,2023/11/18
3211,북천안,충남 천안시,4.50,4.50,4.30,2023/11/18
3212,천안남부,충남 천안시,2.20,3.60,3.60,2023/11/18
3213,광덕,충남 천안시,4.00,,,2023/11/18
3214,천안북부,충남 천안시,4.50,4.20,4.20,2023/11/18
3217,선경연합,충남 천안시,,,,2023/11/18
3223,합동,충남 공주시,4.00,3.80,3.30,2023/11/18
3225,이인,충남 공주시,4.00,4.30,3.90,2023/11/18
3228,대성,충남 공주시,,,,2023/11/18
3231,유구,충남 공주시,4.30,4.30,4.30,2023/11/18
3234,백제,충남 공주시,3.80,3.30,3.30,2023/11/18
3235,삼성,충남 공주시,4.40,3.90,3.50,2023/11/18
3239,웅진,세종 ,4.50,4.00,3.10,2023/11/18
3302,온양,충남 아산시,4.50,,,2023/11/18
3303,정우,충남 아산시,4.20,4.20,3.70,2023/11/18
3307,아산,충남 아산시,4.30,3.90,3.80,2023/11/18
3308,탕정,충남 아산시,,,,2023/11/18
3313,신우,충남 아산시,4.50,4.50,4.30,2023/11/18
3314,금산,충남 금산군,4.40,,,2023/11/18
3317,추부,충남 금산군,4.00,3.80,3.80,2023/11/18
3318,인삼시장,충남 금산군,4.40,4.40,4.40,2023/11/18
3327,세종,세종 ,4.50,4.10,3.60,2023/11/18
3333,황산,충남 논산시,,,,2023/11/18
3334,충청,충남 논산시,4.00,,,2023/11/18
3337,놀뫼,충남 논산시,4.00,4.00,4.00,2023/11/18
3339,부여,충남 부여군,4.20,4.20,4.10,2023/11/18
3341,금강,충남 부여군,,,,2023/11/18
3344,행복,세종 ,,4.50,,2023/11/18
3345,코닝정밀소재,충남 아산시,,,,2023/11/18
3346,삼성디스플레이,충남 아산시,,,,2023/11/18
3401,보령시,충남 보령시,,,,2023/11/18
3402,웅천,충남 보령시,,,,2023/11/18
3404,서산,충남 서산시,4.20,4.20,4.00,2023/11/18
3405,서산중앙,충남 서산시,4.20,4.70,4.00,2023/11/18
3407,대산,충남 서산시,4.50,4.70,3.90,2023/11/18
3411,한화토탈에너지스(주),충남 서산시,,,,2023/11/18
3412,서천군,충남 서천군,,,,2023/11/18
3415,청양,충남 청양군,3.60,3.00,3.00,2023/11/18
3419,홍성중앙,충남 홍성군,4.60,4.60,4.20,2023/11/18
3421,홍주,충남 홍성군,4.40,2.00,1.95,2023/11/18
3422,예산,충남 예산군,4.00,4.00,4.00,2023/11/18
3423,금오,충남 예산군,,,,2023/11/18
3424,신례원,충남 예산군,4.50,4.30,4.30,2023/11/18
3425,삽교,충남 예산군,4.10,4.30,4.30,2023/11/18
3431,태안,충남 태안군,4.10,3.80,3.80,2023/11/18
3432,안면,충남 태안군,,,,2023/11/18
3433,남면,충남 태안군,,,,2023/11/18
3434,안흥,충남 태안군,,,,2023/11/18
3435,소원,충남 태안군,4.20,4.20,,2023/11/18
3436,원북,충남 태안군,4.10,,,2023/11/18
3437,당진,충남 당진시,4.00,3.50,3.50,2023/11/18
3440,당진서부,충남 당진시,4.30,4.30,4.30,2023/11/18
3441,당진동부,충남 당진시,,,,2023/11/18
3502,성남수정,경기 성남시,4.50,4.00,3.50,2023/11/18
3504,낙원,경기 성남시,3.80,3.16,1.70,2023/11/18
3509,성남제일,경기 성남시,4.60,2.40,1.90,2023/11/18
3527,한국도로공사직장,경북 김천시,,,,2023/11/18
3532,하남,경기 하남시,4.01,3.60,3.20,2023/11/18
3533,여주,경기 여주시,5.00,5.00,5.00,2023/11/18
3539,광주,경기 광주시,,,,2023/11/18
3541,남한산성,경기 광주시,4.50,5.00,4.00,2023/11/18
3548,용문,경기 양평군,4.00,4.80,3.70,2023/11/18
3556,SK hynix,경기 이천시,4.10,4.50,4.10,2023/11/18
3560,성남북부,경기 성남시,4.00,4.50,2.00,2023/11/18
3562,양평,경기 양평군,4.30,5.10,3.80,2023/11/18
3563,이천우리,경기 이천시,3.70,3.70,2.50,2023/11/18
3564,성남동부,경기 성남시,4.60,4.50,4.00,2023/11/18
3565,중원,경기 성남시,4.80,4.00,3.50,2023/11/18
3566,성남중부,경기 성남시,4.80,3.60,2.50,2023/11/18
3567,이천,경기 이천시,4.00,4.30,3.20,2023/11/18
3568,LH,경남 진주시,,,,2023/11/18
3603,안양협심,경기 안양시,4.50,4.70,4.50,2023/11/18
3606,안양,경기 안양시,4.50,5.00,3.60,2023/11/18
3607,안양제일,경기 안양시,4.50,4.50,3.80,2023/11/18
3609,안양동부,경기 안양시,4.00,4.30,3.73,2023/11/18
3611,동안,경기 안양시,4.30,3.60,4.30,2023/11/18
3616,안양만안,경기 안양시,4.30,4.30,3.90,2023/11/18
3636,부천제일,경기 부천시,4.00,2.50,,2023/11/18
3637,남부천,경기 부천시,4.20,4.50,2.50,2023/11/18
3639,성지,경기 부천시,4.20,4.60,3.00,2023/11/18
3641,북부천,경기 부천시,4.00,4.10,2.00,2023/11/18
3643,송내,경기 부천시,4.20,4.00,3.10,2023/11/18
3644,부천우리,경기 부천시,3.80,,,2023/11/18
3647,성곡,경기 부천시,3.90,4.10,2.50,2023/11/18
3650,온세미컨덕터코리아주식회사,경기 부천시,,,,2023/11/18
3655,부천중앙,경기 부천시,4.30,4.70,3.40,2023/11/18
3656,안양중부,경기 안양시,4.50,4.00,3.30,2023/11/18
3657,안양북부,경기 안양시,4.50,4.50,3.50,2023/11/18
3658,부천,경기 부천시,4.30,4.50,2.30,2023/11/18
3659,안양남부,경기 안양시,4.50,4.50,3.90,2023/11/18
3703,광남,경기 광명시,3.70,3.50,3.50,2023/11/18
3704,광명제일,경기 광명시,4.70,4.00,4.00,2023/11/18
3708,기아,경기 광명시,4.30,4.30,4.00,2023/11/18
3711,한국마사회,경기 과천시,,,,2023/11/18
3714,시흥중앙,경기 시흥시,3.70,,,2023/11/18
3717,금정,경기 군포시,4.00,3.80,3.10,2023/11/18
3718,군포,경기 군포시,4.50,3.80,3.73,2023/11/18
3719,산본,경기 군포시,4.10,3.90,3.40,2023/11/18
3727,의왕,경기 의왕시,4.40,4.40,,2023/11/18
3733,과천,경기 과천시,4.50,4.00,3.70,2023/11/18
3734,김포,경기 김포시,4.10,5.50,4.00,2023/11/18
3735,광명동부,경기 광명시,4.50,4.50,3.90,2023/11/18
3736,시흥제일,경기 안산시,,,,2023/11/18
3737,광명,경기 광명시,4.90,4.00,2.50,2023/11/18
3807,세화,경기 수원시,4.70,4.10,4.00,2023/11/18
3808,수원서부,경기 수원시,4.50,5.00,3.50,2023/11/18
3809,서호,경기 수원시,4.20,4.00,3.80,2023/11/18
3815,팔달,경기 수원시,4.30,4.30,4.30,2023/11/18
3818,곡선,경기 수원시,4.20,4.20,3.50,2023/11/18
3822,SK케미칼,울산 남구,,,,2023/11/18
3823,SKC,경기 수원시,,,,2023/11/18
3826,삼성전기,경기 수원시,,,,2023/11/18
3827,삼성전자,경기 수원시,,,,2023/11/18
3829,삼성에스디아이,경기 용인시,,,,2023/11/18
3833,평택,경기 평택시,4.50,5.00,4.50,2023/11/18
3834,서평택,경기 평택시,4.63,5.00,4.60,2023/11/18
3838,엘지전자평택,경기 평택시,,,,2023/11/18
3841,케이지모빌리티,경기 평택시,1.40,1.40,1.00,2023/11/18
3843,송탄,경기 평택시,4.30,5.00,4.30,2023/11/18
3844,서수원,경기 수원시,3.90,5.00,3.00,2023/11/18
3845,수원,경기 수원시,4.20,4.30,3.20,2023/11/18
3846,동수원,경기 수원시,4.10,4.50,3.50,2023/11/18
3847,수원중앙,경기 수원시,4.70,4.50,3.60,2023/11/18
3848,서용인,경기 용인시,4.20,4.00,4.00,2023/11/18
3849,우리용인,경기 용인시,4.60,4.00,,2023/11/18
3850,용인제일,경기 용인시,4.60,3.80,,2023/11/18
3902,안산동부,경기 안산시,4.20,4.40,2.50,2023/11/18
3903,군자,경기 안산시,4.20,4.40,3.00,2023/11/18
3904,신반월,경기 안산시,4.20,4.40,3.30,2023/11/18
3917,화성,경기 화성시,4.50,5.50,4.30,2023/11/18
3920,경기서부,경기 화성시,4.50,5.50,4.50,2023/11/18
3921,경기화성,경기 화성시,4.50,4.50,4.00,2023/11/18
3922,화산,경기 화성시,4.20,5.00,3.80,2023/11/18
3942,안성,경기 안성시,4.20,4.50,4.00,2023/11/18
3948,안성장학,경기 안성시,4.39,4.50,3.60,2023/11/18
3949,안산중앙,경기 안산시,4.20,4.40,3.36,2023/11/18
3950,안산서부,경기 안산시,4.20,4.40,2.40,2023/11/18
3951,용인중앙,경기 용인시,4.30,4.20,3.40,2023/11/18
3952,화성제일,경기 화성시,4.50,5.50,4.00,2023/11/18
3953,오산,경기 오산시,4.20,4.00,2.00,2023/11/18
4007,호원,경기 의정부,4.30,4.00,3.00,2023/11/18
4009,의정부신곡,경기 의정부,4.30,4.30,3.30,2023/11/18
4014,의정부동부,경기 의정부,4.30,5.70,3.50,2023/11/18
4023,보산,경기 동두천,4.50,4.60,4.65,2023/11/18
4029,고양누리,경기 고양시,4.50,4.10,3.60,2023/11/18
4030,고양동부,경기 고양시,4.50,3.50,3.10,2023/11/18
4032,일산,경기 고양시,4.50,4.50,3.50,2023/11/18
4039,동두천중앙,경기 동두천,4.50,4.50,4.30,2023/11/18
4040,의정부중앙,경기 의정부,4.30,4.50,3.00,2023/11/18
4042,의정부서부,경기 의정부,4.30,4.50,3.80,2023/11/18
4104,다산,경기 남양주시,4.40,4.00,4.20,2023/11/18
4106,별내,경기 남양주시,4.50,4.70,4.50,2023/11/18
4107,화도,경기 남양주시,4.60,4.20,3.80,2023/11/18
4108,중부,경기 남양주시,4.40,4.70,4.00,2023/11/18
4109,진접,경기 남양주시,4.20,5.00,,2023/11/18
4110,남양주중앙,경기 남양주시,4.50,4.80,4.00,2023/11/18
4116,양주중앙,경기 양주시,4.30,4.00,3.60,2023/11/18
4124,우리,경기 파주시,4.00,3.70,3.10,2023/11/18
4126,전곡,경기 연천군,4.20,5.00,4.00,2023/11/18
4136,가평군,경기 가평군,3.80,3.00,3.00,2023/11/18
4140,포천,경기 포천시,4.10,3.80,3.60,2023/11/18
4141,파주중앙,경기 파주시,4.60,4.60,4.00,2023/11/18
4144,구리,경기 구리시,4.40,4.40,4.10,2023/11/18
4145,파주,경기 파주시,4.52,5.01,4.83,2023/11/18
4146,양주,경기 양주시,4.10,4.30,4.00,2023/11/18
4202,새강릉,강원 강릉시,3.90,4.10,4.00,2023/11/18
4206,강릉솔향,강원 강릉시,4.03,4.10,3.60,2023/11/18
4207,포남,강원 강릉시,4.00,4.20,4.00,2023/11/18
4208,초당경포,강원 강릉시,4.00,4.20,4.00,2023/11/18
4222,송정,강원 강릉시,4.05,4.20,4.20,2023/11/18
4230,동해남부,강원 동해시,3.60,4.00,3.40,2023/11/18
4232,동해중앙,강원 동해시,3.80,4.00,3.30,2023/11/18
4237,동해항운노동조합직장,강원 동해시,,,,2023/11/18
4239,동해해오름,강원 동해시,3.60,2.50,2.50,2023/11/18
4242,속초북부,강원 속초시,4.40,4.30,4.30,2023/11/18
4247,설악,강원 속초시,,,,2023/11/18
4248,금강,강원 속초시,,,,2023/11/18
4249,동명,강원 속초시,4.00,4.30,,2023/11/18
4250,삼척중앙,강원 삼척시,,,,2023/11/18
4251,늘푸른,강원 삼척시,,,,2023/11/18
4253,삼척도원,강원 삼척시,,,,2023/11/18
4258,고성,강원 고성군,1.50,1.90,1.10,2023/11/18
4259,양양,강원 양양군,4.20,4.20,3.90,2023/11/18
4262,강릉아산병원,강원 강릉시,,,,2023/11/18
4263,주문진,강원 강릉시,4.00,4.00,4.00,2023/11/18
4264,명주,강원 강릉시,3.80,3.50,3.50,2023/11/18
4265,중부,강원 강릉시,4.05,4.00,3.70,2023/11/18
4266,강릉남부,강원 강릉시,4.00,3.80,3.50,2023/11/18
4267,속초남부,강원 속초시,4.00,4.30,,2023/11/18
4268,동해우리,강원 동해시,,,,2023/11/18
4269,속초중앙,강원 속초시,4.00,4.30,4.30,2023/11/18
4301,원주중앙,강원 원주시,3.30,3.50,3.00,2023/11/18
4302,신원주,강원 원주시,4.30,4.60,4.30,2023/11/18
4303,동원주,강원 원주시,3.40,4.00,3.00,2023/11/18
4306,단구,강원 원주시,4.00,4.00,3.50,2023/11/18
4309,꿈드림,강원 원주시,4.40,4.70,4.20,2023/11/18
4313,원주우리,강원 원주시,4.30,4.50,3.73,2023/11/18
4315,북원주,강원 원주시,4.00,4.10,3.90,2023/11/18
4318,치악,강원 원주시,,,,2023/11/18
4321,문막,강원 원주시,4.10,4.60,4.10,2023/11/18
4325,한국인삼공사원주공장,강원 원주시,,,,2023/11/18
4331,화광,강원 태백시,,,,2023/11/18
4336,횡성,강원 횡성군,4.40,,,2023/11/18
4337,횡성중앙,강원 횡성군,4.41,1.60,1.10,2023/11/18
4339,영월,강원 영월군,,,,2023/11/18
4340,평창,강원 평창군,,,,2023/11/18
4344,태백,강원 태백시,,,,2023/11/18
4420,북춘천,강원 춘천시,4.20,4.50,2.80,2023/11/18
4441,서석,강원 홍천군,3.90,3.90,3.90,2023/11/18
4445,철원,강원 철원군,,,,2023/11/18
4449,다창,강원 화천군,4.10,4.60,4.60,2023/11/18
4452,양구,강원 양구군,4.70,4.50,,2023/11/18
4453,인제,강원 인제군,3.90,4.30,3.90,2023/11/18
4454,하늘내린,강원 인제군,3.90,4.00,3.90,2023/11/18
4457,춘천남부,강원 춘천시,4.20,4.50,3.50,2023/11/18
4458,춘천중부,강원 춘천시,4.10,4.00,3.90,2023/11/18
4459,춘천동남,강원 춘천시,4.10,4.80,4.00,2023/11/18
4460,춘천동부,강원 춘천시,3.80,4.00,2.90,2023/11/18
4461,홍천,강원 홍천군,3.80,3.80,3.80,2023/11/18
4463,화천,강원 화천군,,,,2023/11/18
4464,소양강,강원 춘천시,4.20,4.00,3.30,2023/11/18
4504,서원,충북 청주시,4.40,4.00,3.90,2023/11/18
4507,내율사,충북 청주시,4.40,4.30,4.30,2023/11/18
4508,우리,충북 청주시,4.50,4.40,4.40,2023/11/18
4509,청주중앙,충북 청주시,4.30,4.30,4.30,2023/11/18
4510,우암,충북 청주시,4.40,4.40,4.40,2023/11/18
4511,미래,충북 청주시,3.90,3.90,3.90,2023/11/18
4512,제일,충북 청주시,4.60,4.50,4.40,2023/11/18
4513,조은,충북 청주시,,,,2023/11/18
4514,영운.용암,충북 청주시,4.40,4.40,4.40,2023/11/18
4515,금천,충북 청주시,4.20,4.40,4.40,2023/11/18
4517,새청주,충북 청주시,4.20,4.20,4.20,2023/11/18
4518,서청주,충북 청주시,4.30,4.30,4.30,2023/11/18
4520,흥덕,충북 청주시,4.20,4.10,4.20,2023/11/18
4521,남부,충북 청주시,,,,2023/11/18
4524,모충,충북 청주시,,,,2023/11/18
4525,충북도청,충북 청주시,,,,2023/11/18
4533,조광피혁,충북 청주시,,,,2023/11/18
4543,새빛,충북 청주시,4.40,4.40,4.40,2023/11/18
4544,푸른,충북 청주시,4.20,4.20,4.00,2023/11/18
4548,산미,충북 청주시,4.40,4.40,4.40,2023/11/18
4601,청남,충북 청주시,4.60,4.00,4.00,2023/11/18
4603,금강,충북 청주시,,,,2023/11/18
4606,오송,충북 청주시,4.60,4.50,4.30,2023/11/18
4607,오미,충북 청주시,,,,2023/11/18
4608,북청주,충북 청주시,4.00,4.00,4.00,2023/11/18
4609,오창,충북 청주시,,,,2023/11/18
4610,보은,충북 보은군,1.70,2.00,2.00,2023/11/18
4614,옥천,충북 옥천군,,,,2023/11/18
4617,이원,충북 옥천군,,,,2023/11/18
4622,묵정,충북 영동군,,,,2023/11/18
4624,영동,충북 영동군,,,,2023/11/18
4625,진천,충북 진천군,4.40,4.30,4.30,2023/11/18
4628,상진,충북 진천군,4.20,4.50,3.90,2023/11/18
4701,충주SM,충북 충주시,3.90,4.90,3.90,2023/11/18
4702,예성,충북 충주시,,,,2023/11/18
4703,교현,충북 충주시,3.70,4.00,4.00,2023/11/18
4704,문화,충북 충주시,4.00,4.00,3.90,2023/11/18
4705,남충주,충북 충주시,4.00,4.30,4.30,2023/11/18
4707,새충주,충북 충주시,4.00,4.00,4.00,2023/11/18
4710,연수,충북 충주시,4.00,2.50,3.60,2023/11/18
4716,지현,충북 충주시,4.00,4.00,4.00,2023/11/18
4717,동제천,충북 제천시,3.90,3.60,3.70,2023/11/18
4719,신제천,충북 제천시,3.80,3.60,3.00,2023/11/18
4720,동현,충북 제천시,3.20,3.20,1.60,2023/11/18
4726,불정,충북 괴산군,,,,2023/11/18
4727,증평,충북 증평군,3.80,3.50,,2023/11/18
4731,괴산,충북 괴산군,4.10,4.50,4.50,2023/11/18
4733,음성,충북 음성군,3.80,3.80,3.80,2023/11/18
4734,비석,충북 음성군,4.00,4.00,4.30,2023/11/18
4737,한마음,충북 음성군,4.00,4.50,4.00,2023/11/18
4738,대동,충북 음성군,4.00,4.00,4.00,2023/11/18
4740,삼왕,충북 음성군,3.90,3.80,3.50,2023/11/18
4745,단양,충북 단양군,4.10,4.10,4.10,2023/11/18
4749,애플,충북 충주시,4.00,4.00,3.90,2023/11/18
4803,남전주,전북 전주시,4.30,5.00,4.50,2023/11/18
4805,열린,전북 전주시,4.00,4.00,4.00,2023/11/18
4808,늘푸른,전북 전주시,4.70,5.00,3.50,2023/11/18
4809,중부,전북 전주시,4.30,4.40,4.30,2023/11/18
4810,동부,전북 전주시,,,,2023/11/18
4812,덕진,전북 전주시,4.50,,1.99,2023/11/18
4813,금암,전북 전주시,4.50,4.10,2.00,2023/11/18
4814,신도,전북 전주시,4.50,4.50,4.20,2023/11/18
4815,전주송천,전북 전주시,4.30,4.70,3.53,2023/11/18
4816,조촌,전북 전주시,5.28,4.00,2.50,2023/11/18
4818,서전주,전북 전주시,4.50,4.50,4.10,2023/11/18
4820,신전주,전북 전주시,4.30,3.30,2.90,2023/11/18
4822,전북대학교병원,전북 전주시,,,,2023/11/18
4825,전북대학교,전북 전주시,,,,2023/11/18
4827,휴비스,전북 전주시,,,,2023/11/18
4831,남부,전북 전주시,4.00,,,2023/11/18
4901,남원,전북 남원시,4.50,4.40,3.10,2023/11/18
4903,남원중앙,전북 남원시,4.40,4.20,3.00,2023/11/18
4905,운봉,전북 남원시,,,,2023/11/18
4906,지리산,전북 남원시,,,,2023/11/18
4907,동남원,전북 남원시,4.50,4.80,3.20,2023/11/18
4909,완주,전북 완주군,4.30,4.50,3.00,2023/11/18
4911,한누리,전북 완주군,3.20,3.00,3.00,2023/11/18
4912,진안,전북 진안군,,,,2023/11/18
4913,진안동부,전북 진안군,1.10,1.00,1.00,2023/11/18
4919,설천,전북 무주군,,,,2023/11/18
4920,무주,전북 무주군,,,,2023/11/18
4923,장수,전북 장수군,4.20,4.30,4.30,2023/11/18
4924,장계,전북 장수군,,,,2023/11/18
4925,산서,전북 장수군,,,,2023/11/18
4926,임실,전북 임실군,,,,2023/11/18
4931,순창,전북 순창군,4.00,4.00,4.00,2023/11/18
4936,쌍치,전북 순창군,,,,2023/11/18
5001,정읍,전북 정읍시,4.64,4.50,4.50,2023/11/18
5003,연지,전북 정읍시,4.30,4.80,4.00,2023/11/18
5004,상명,전북 정읍시,4.40,4.80,2.00,2023/11/18
5006,태인,전북 정읍시,,,,2023/11/18
5007,산외,전북 정읍시,,,,2023/11/18
5008,신태인,전북 정읍시,,,,2023/11/18
5009,감곡,전북 정읍시,4.70,4.80,,2023/11/18
5012,고창,전북 고창군,4.30,4.50,2.20,2023/11/18
5021,부령,전북 부안군,4.00,4.20,3.70,2023/11/18
5028,남부안,전북 부안군,3.50,3.30,3.30,2023/11/18
5105,군산중부,전북 군산시,3.80,4.00,1.60,2023/11/18
5111,동군산,전북 군산시,,,,2023/11/18
5112,군산제일,전북 군산시,4.30,,3.00,2023/11/18
5113,금강,전북 군산시,4.20,,,2023/11/18
5116,남군산,전북 군산시,4.30,3.50,2.00,2023/11/18
5122,이리평화,전북 익산시,4.20,4.60,3.73,2023/11/18
5123,인화,전북 익산시,4.50,4.00,4.00,2023/11/18
5125,익산서부,전북 익산시,4.50,4.00,3.00,2023/11/18
5128,신익산,전북 익산시,3.50,3.00,3.00,2023/11/18
5132,원광대학교,전북 익산시,,,,2023/11/18
5134,익산중앙,전북 익산시,4.30,4.00,2.98,2023/11/18
5135,원광,전북 익산시,4.70,3.50,1.99,2023/11/18
5136,북부,전북 익산시,4.01,4.20,3.73,2023/11/18
5138,김제하나,전북 김제시,3.99,4.02,3.51,2023/11/18
5140,만경,전북 김제시,4.30,4.00,1.60,2023/11/18
5141,지평선,전북 김제시,5.24,4.50,4.50,2023/11/18
5144,새만금,전북 김제시,4.50,4.00,4.00,2023/11/18
5201,늘푸른,경북 포항시,,,,2023/11/18
5205,대신,경북 포항시,4.00,3.60,3.60,2023/11/18
5207,학산,경북 포항시,,,,2023/11/18
5209,대양,경북 포항시,4.00,3.30,3.30,2023/11/18
5210,영포,경북 포항시,3.60,3.80,3.30,2023/11/18
5211,송도,경북 포항시,,,,2023/11/18
5212,신포항,경북 포항시,4.10,3.60,3.50,2023/11/18
5213,포항,경북 포항시,4.20,,,2023/11/18
5214,형산,경북 포항시,4.20,4.30,4.20,2023/11/18
5215,포항용흥,경북 포항시,,,,2023/11/18
5216,효용,경북 포항시,4.00,3.60,3.30,2023/11/18
5217,영일대,경북 포항시,4.40,5.00,4.00,2023/11/18
5218,미래,경북 포항시,,,,2023/11/18
5219,남포항,경북 포항시,4.00,3.90,,2023/11/18
5220,북포항,경북 포항시,4.30,4.30,4.30,2023/11/18
5221,우리,경북 포항시,4.00,4.00,4.00,2023/11/18
5222,상대,경북 포항시,4.00,4.20,4.20,2023/11/18
5223,신경북,경북 포항시,4.00,3.60,3.60,2023/11/18
5225,장량동,경북 포항시,4.30,4.00,3.50,2023/11/18
5226,동포항,경북 포항시,4.30,4.50,4.50,2023/11/18
5227,영일,경북 포항시,,,,2023/11/18
5228,흥해,경북 포항시,4.10,4.40,3.90,2023/11/18
5231,서포항,경북 포항시,4.00,4.00,4.00,2023/11/18
5234,포항제일,경북 포항시,4.00,4.50,3.00,2023/11/18
5237,오천,경북 포항시,,,,2023/11/18
5240,경북항운노동조합,경북 포항시,,,,2023/11/18
5242,현대제철,경북 포항시,,,,2023/11/18
5246,성당,경북 포항시,4.70,4.20,4.20,2023/11/18
5247,포항중앙,경북 포항시,,,,2023/11/18
5301,우성,경북 경주시,,,,2023/11/18
5302,성동,경북 경주시,4.20,4.00,4.00,2023/11/18
5303,신경주,경북 경주시,4.00,4.00,4.00,2023/11/18
5305,경주,경북 경주시,,1.60,1.10,2023/11/18
5306,남경주,경북 경주시,3.90,3.70,3.30,2023/11/18
5307,북경주,경북 경주시,3.95,3.95,3.95,2023/11/18
5309,동경주,경북 경주시,,,,2023/11/18
5310,양남,경북 경주시,4.30,4.10,3.70,2023/11/18
5313,강동,경북 경주시,,,,2023/11/18
5315,현곡,경북 경주시,4.10,1.30,1.20,2023/11/18
5322,(주)풍산안강공장,경북 경주시,,,,2023/11/18
5326,영덕,경북 영덕군,,,,2023/11/18
5329,영해,경북 영덕군,4.50,4.50,,2023/11/18
5330,울진,경북 울진군,3.60,3.50,3.50,2023/11/18
5332,죽변,경북 울진군,3.50,3.50,3.30,2023/11/18
5333,후포,경북 울진군,,,,2023/11/18
5337,울릉,경북 울릉군,,,,2023/11/18
5338,내남,경북 경주시,4.50,4.50,4.50,2023/11/18
5400,새김천,경북 김천시,3.20,3.20,3.10,2023/11/18
5402,김천중앙,경북 김천시,,,,2023/11/18
5403,김천동부,경북 김천시,,,,2023/11/18
5405,김천평화,경북 김천시,4.00,4.00,3.70,2023/11/18
5408,대신동,경북 김천시,4.00,,,2023/11/18
5422,상산,경북 상주시,3.90,3.50,3.50,2023/11/18
5424,함창,경북 상주시,3.70,4.00,3.00,2023/11/18
5426,화령,경북 상주시,,,,2023/11/18
5427,새상주,경북 상주시,3.70,3.50,3.50,2023/11/18
5428,백화,경북 상주시,,,,2023/11/18
5501,송정,경북 구미시,4.55,4.00,4.00,2023/11/18
5502,금오,경북 구미시,4.30,,,2023/11/18
5504,도량,경북 구미시,4.55,4.55,4.55,2023/11/18
5505,지산,경북 구미시,,,,2023/11/18
5506,원남,경북 구미시,4.55,4.20,3.80,2023/11/18
5507,중앙,경북 구미시,4.55,4.55,4.55,2023/11/18
5509,공단,경북 구미시,4.55,4.55,4.55,2023/11/18
5511,사곡,경북 구미시,4.55,4.55,4.55,2023/11/18
5512,상모,경북 구미시,4.55,4.55,4.55,2023/11/18
5513,구미강동,경북 구미시,4.55,4.55,4.55,2023/11/18
5514,임오,경북 구미시,4.55,4.30,4.00,2023/11/18
5515,형곡,경북 구미시,4.55,3.80,3.70,2023/11/18
5516,새비산,경북 구미시,4.55,4.65,4.65,2023/11/18
5517,선산,경북 구미시,,,,2023/11/18
5519,도개,경북 구미시,4.56,,,2023/11/18
5524,고아,경북 구미시,4.55,3.80,3.60,2023/11/18
5544,엘지전자구미,경북 구미시,,,,2023/11/18
5547,해평,경북 구미시,4.56,,,2023/11/18
5548,구미,경북 구미시,4.55,4.20,4.00,2023/11/18
5601,영동,경북 영천시,1.80,2.50,1.20,2023/11/18
5602,교동,경북 영천시,,,,2023/11/18
5603,영천,경북 영천시,,,,2023/11/18
5605,금호,경북 영천시,3.80,4.00,2.70,2023/11/18
5606,냉천,경북 영천시,3.80,4.00,2.70,2023/11/18
5610,서부영천,경북 영천시,3.70,4.00,4.00,2023/11/18
5622,경산,경북 경산시,4.50,4.50,4.50,2023/11/18
5623,새경산,경북 경산시,,,,2023/11/18
5624,화성,경북 경산시,4.50,,,2023/11/18
5625,다문,경북 경산시,,,,2023/11/18
5626,부림,경북 경산시,4.60,5.00,4.41,2023/11/18
5627,진량,경북 경산시,4.50,4.50,4.30,2023/11/18
5628,동경산,경북 경산시,4.60,4.40,4.20,2023/11/18
5629,하양,경북 경산시,4.70,4.70,4.10,2023/11/18
5632,와촌,경북 경산시,,,,2023/11/18
5711,청도,경북 청도군,3.80,3.80,3.80,2023/11/18
5717,금천,경북 청도군,,,,2023/11/18
5718,고령,경북 고령군,3.50,3.50,3.50,2023/11/18
5725,성주,경북 성주군,4.00,4.00,4.00,2023/11/18
5734,왜관,경북 칠곡군,4.00,4.20,4.00,2023/11/18
5737,칠곡,경북 칠곡군,4.30,,,2023/11/18
5738,북삼,경북 칠곡군,4.10,3.60,3.60,2023/11/18
5743,청화,경북 청도군,3.70,3.70,3.40,2023/11/18
5801,중앙,경북 안동시,4.00,4.80,3.90,2023/11/18
5803,용상,경북 안동시,3.80,4.30,3.20,2023/11/18
5804,동남,경북 안동시,3.80,4.30,3.80,2023/11/18
5808,안동,경북 안동시,3.80,4.50,3.20,2023/11/18
5812,명신,경북 안동시,3.80,3.80,,2023/11/18
5820,백암,경북 안동시,3.60,3.90,3.60,2023/11/18
5828,풍기,경북 영주시,,,,2023/11/18
5832,흥주,경북 영주시,,,,2023/11/18
5839,문경제일,경북 문경시,3.50,3.50,3.50,2023/11/18
5849,영주,경북 영주시,3.90,3.70,3.70,2023/11/18
5850,북영주,경북 영주시,,,,2023/11/18
5851,신문경,경북 문경시,3.20,3.20,3.20,2023/11/18
5909,화전,경북 의성군,,,,2023/11/18
5918,영양,경북 영양군,,,,2023/11/18
5924,용궁,경북 예천군,4.00,,,2023/11/18
5943,예천군,경북 예천군,3.80,,,2023/11/18
5944,의성,경북 의성군,,,,2023/11/18
5945,청송,경북 청송군,,,,2023/11/18
5946,봉화군,경북 봉화군,4.10,3.90,3.90,2023/11/18
6002,반월중앙,경남 창원시,,,,2023/11/18
6009,동부,경남 창원시,,,,2023/11/18
6010,마산,경남 창원시,3.90,3.70,3.70,2023/11/18
6015,석전,경남 창원시,,,,2023/11/18
6017,마산남부,경남 창원시,4.20,3.90,3.90,2023/11/18
6022,삼성창원병원,경남 창원시,,,,2023/11/18
6028,진해,경남 창원시,4.20,4.00,3.60,2023/11/18
6029,새진해,경남 창원시,4.60,3.60,2.70,2023/11/18
6046,함안,경남 함안군,3.90,4.00,3.90,2023/11/18
6052,중부,경남 창원시,,,,2023/11/18
6053,밀양,경남 밀양시,,,,2023/11/18
6055,의령정암,경남 의령군,4.00,4.00,4.00,2023/11/18
6056,밀양중앙,경남 밀양시,3.90,3.60,3.50,2023/11/18
6057,동마산,경남 창원시,,,,2023/11/18
6058,마창진,경남 창원시,3.50,3.50,3.40,2023/11/18
6101,북창원,경남 창원시,,,,2023/11/18
6102,반송,경남 창원시,4.30,4.20,3.40,2023/11/18
6103,남창원,경남 창원시,4.20,4.00,3.80,2023/11/18
6105,창원중앙,경남 창원시,4.10,4.00,4.00,2023/11/18
6106,양곡,경남 창원시,4.00,4.00,4.00,2023/11/18
6109,창원,경남 창원시,,,,2023/11/18
6112,동창원,경남 창원시,,,,2023/11/18
6114,현대로템,경남 창원시,,,,2023/11/18
6115,셰플러코리아(유)직장,경남 창원시,,,,2023/11/18
6116,SNT다이내믹스(주),경남 창원시,3.90,3.90,3.60,2023/11/18
6118,테크윈,경남 창원시,,,,2023/11/18
6119,해성디에스,경남 창원시,3.40,3.40,3.40,2023/11/18
6123,중우,경남 창원시,,,,2023/11/18
6124,두산에너빌리티,경남 창원시,4.10,,,2023/11/18
6125,볼보건설기계코리아㈜,경남 창원시,,,,2023/11/18
6126,효성중공업,경남 창원시,3.50,3.80,3.50,2023/11/18
6132,한국지엠,경남 창원시,,,,2023/11/18
6133,벧엘,경남 창원시,4.60,4.00,3.80,2023/11/18
6135,김해중앙,경남 김해시,1.80,1.80,1.60,2023/11/18
6136,남김해,경남 김해시,4.10,4.70,,2023/11/18
6137,부원,경남 김해시,4.10,4.60,3.80,2023/11/18
6138,서김해,경남 김해시,4.00,4.50,4.00,2023/11/18
6139,김해서부,경남 김해시,3.10,3.20,2.80,2023/11/18
6140,동김해,경남 김해시,3.70,4.30,3.70,2023/11/18
6141,새김해,경남 김해시,4.10,4.80,3.90,2023/11/18
6142,북김해,경남 김해시,2.50,2.50,2.30,2023/11/18
6143,활천,경남 김해시,3.50,3.80,3.50,2023/11/18
6144,칠산,경남 김해시,4.10,4.30,4.10,2023/11/18
6152,의창,경남 창원시,4.60,4.80,4.10,2023/11/18
6201,학성,울산 중구,,,,2023/11/18
6202,울산중앙,울산 중구,4.20,3.80,3.80,2023/11/18
6203,태화,울산 중구,,,,2023/11/18
6204,울산제일,울산 남구,,,,2023/11/18
6207,강남,울산 남구,4.20,4.00,3.60,2023/11/18
6209,중울산,울산 중구,3.70,3.40,3.40,2023/11/18
6211,남울산,울산 남구,4.30,3.80,3.50,2023/11/18
6212,새울산,울산 남구,,,,2023/11/18
6213,병영,울산 중구,,,,2023/11/18
6215,북울산,울산 북구,3.10,3.50,2.50,2023/11/18
6216,새중앙,울산 북구,4.20,3.80,3.80,2023/11/18
6217,일산,울산 동구,4.00,4.80,3.40,2023/11/18
6218,동울산,울산 동구,,,,2023/11/18
6219,서부,울산 동구,,,,2023/11/18
6221,서울산,울산 남구,,,,2023/11/18
6222,중앙,울산 남구,4.50,4.50,3.80,2023/11/18
6226,한마음,울산 동구,3.15,2.80,2.80,2023/11/18
6227,울산미래,울산 중구,3.60,3.50,3.30,2023/11/18
6228,우리,울산 남구,4.20,3.80,3.70,2023/11/18
6230,농소,울산 북구,3.50,3.30,1.50,2023/11/18
6231,울주,울산 울주군,3.50,3.40,3.30,2023/11/18
6241,효성,울산 남구,,,,2023/11/18
6245,현대자동차,울산 북구,,,,2023/11/18
6247,현대모비스,울산 북구,,,,2023/11/18
6250,(주)현대미포조선,울산 동구,,,,2023/11/18
6251,현대중공업,울산 동구,,,,2023/11/18
6262,울산항운노동조합,울산 남구,,,,2023/11/18
6264,양산,경남 양산시,4.50,4.20,,2023/11/18
6266,물금,경남 양산시,4.50,4.50,4.00,2023/11/18
6267,남양산,경남 양산시,4.50,4.50,3.60,2023/11/18
6268,상북,경남 양산시,4.50,4.50,4.50,2023/11/18
6269,양산중앙,경남 양산시,3.80,3.90,3.40,2023/11/18
6270,웅상,경남 양산시,4.50,4.50,4.50,2023/11/18
6281,울산중부,울산 중구,4.06,2.50,2.50,2023/11/18
6282,신정,울산 남구,4.20,4.00,3.80,2023/11/18
6401,망경,경남 진주시,,,,2023/11/18
6402,진주남부,경남 진주시,3.60,3.90,,2023/11/18
6404,제일,경남 진주시,,,,2023/11/18
6407,상봉,경남 진주시,,,,2023/11/18
6408,서부,경남 진주시,,,,2023/11/18
6411,중앙,경남 진주시,,,,2023/11/18
6414,동진주,경남 진주시,3.80,4.00,3.00,2023/11/18
6415,신평,경남 진주시,4.00,4.00,3.60,2023/11/18
6416,서진주,경남 진주시,,,,2023/11/18
6417,진주동부,경남 진주시,1.20,1.20,1.00,2023/11/18
6418,새진주,경남 진주시,,,,2023/11/18
6419,봉곡,경남 진주시,,,,2023/11/18
6426,진주중앙,경남 진주시,4.00,4.00,3.50,2023/11/18
6427,사천,경남 사천시,,,,2023/11/18
6432,사남,경남 사천시,,,,2023/11/18
6433,삼천포,경남 사천시,,,,2023/11/18
6434,노산,경남 사천시,,,,2023/11/18
6438,한국항공우주산업㈜,경남 사천시,,,,2023/11/18
6442,새남해,경남 남해군,3.80,4.10,3.80,2023/11/18
6444,미송,경남 남해군,,,,2023/11/18
6454,하동,경남 하동군,,,,2023/11/18
6455,산청,경남 산청군,4.20,4.00,3.20,2023/11/18
6457,함양군,경남 함양군,,,,2023/11/18
6458,거창,경남 거창군,,,,2023/11/18
6466,시민,경남 진주시,,,,2023/11/18
6467,창선,경남 남해군,,,,2023/11/18
6468,강양,경남 합천군,3.80,4.00,3.30,2023/11/18
6469,참좋은,경남 진주시,,,,2023/11/18
6501,도천,경남 통영시,2.80,,,2023/11/18
6509,동통영,경남 통영시,,,,2023/11/18
6510,새통영,경남 통영시,,,,2023/11/18
6515,도봉,경남 통영시,4.00,4.30,3.50,2023/11/18
6520,성심,경남 통영시,3.70,3.50,3.20,2023/11/18
6521,능포,경남 거제시,,,,2023/11/18
6522,옥포,경남 거제시,4.00,4.50,3.50,2023/11/18
6524,거제,경남 거제시,,,,2023/11/18
6526,한화오션(주),경남 거제시,,,,2023/11/18
6527,삼성중공업㈜,경남 거제시,3.80,4.05,3.15,2023/11/18
6528,고성,경남 고성군,,,,2023/11/18
6537,새고성,경남 고성군,4.70,4.00,3.60,2023/11/18
6543,통제영,경남 통영시,,,,2023/11/18
6544,통영중앙,경남 통영시,,,,2023/11/18
6601,제주,제주 제주시,,,,2023/11/18
6602,중앙,제주 제주시,,,,2023/11/18
6603,용담,제주 제주시,4.10,4.20,4.00,2023/11/18
6604,동제주,제주 제주시,1.93,2.63,1.85,2023/11/18
6605,신제주,제주 제주시,5.00,4.80,4.00,2023/11/18
6606,노형,제주 제주시,4.30,4.00,3.00,2023/11/18
6608,아라,제주 제주시,4.50,4.50,3.90,2023/11/18
6609,제주서부,제주 제주시,5.24,5.50,4.30,2023/11/18
6615,동문,제주 제주시,4.70,4.80,1.80,2023/11/18
6616,한빛,제주 제주시,2.70,,,2023/11/18
6617,호남,제주 제주시,4.50,4.50,3.40,2023/11/18
6619,개인택시,제주 제주시,4.60,2.50,1.99,2023/11/18
6621,항운노조,제주 제주시,,,,2023/11/18
6622,한라,제주 제주시,4.80,4.30,3.50,2023/11/18
6623,열린,제주 제주시,4.30,4.50,4.30,2023/11/18
6624,한솔,제주 제주시,4.30,4.10,,2023/11/18
6625,하나,제주 제주시,4.30,5.00,3.50,2023/11/18
6702,서귀포,제주 서귀포시,4.20,4.00,1.60,2023/11/18
6704,서홍,제주 서귀포시,3.90,2.30,1.80,2023/11/18
6705,법환,제주 서귀포시,4.00,3.80,1.60,2023/11/18
6706,서호,제주 서귀포시,4.20,4.50,4.00,2023/11/18
6707,호근,제주 서귀포시,,,,2023/11/18
6708,강정,제주 서귀포시,4.70,,,2023/11/18
6710,대포,제주 서귀포시,4.50,5.10,5.00,2023/11/18
6711,하원,제주 서귀포시,4.70,4.00,4.00,2023/11/18
6713,동홍,제주 서귀포시,3.50,2.30,2.00,2023/11/18
6716,산남,제주 서귀포시,4.50,3.00,2.60,2023/11/18
6718,북제주,제주 제주시,4.50,4.00,3.50,2023/11/18
6719,곽지,제주 제주시,4.70,,,2023/11/18
6722,서제주,제주 제주시,,,,2023/11/18
6723,우리,제주 제주시,,,,2023/11/18
6724,한마음,제주 제주시,5.24,2.75,1.99,2023/11/18
6727,우정,제주 제주시,4.50,2.70,,2023/11/18
6728,납읍,제주 제주시,4.10,3.00,2.50,2023/11/18
6730,참조은,제주 제주시,4.50,4.80,3.50,2023/11/18
6733,제주남원동부,제주 서귀포시,3.50,,,2023/11/18
6734,신례,제주 서귀포시,4.20,4.00,4.00,2023/11/18
6735,태흥,제주 서귀포시,3.00,4.30,4.00,2023/11/18
6738,남제주,제주 서귀포시,,,,2023/11/18
6739,의귀,제주 서귀포시,,,,2023/11/18
6741,예래동,제주 서귀포시,4.00,3.40,3.34,2023/11/18
6742,서귀포동부,제주 서귀포시,4.70,4.90,4.60,2023/11/18
